{"cameraMode":{"drawMode":0,"name":"Shaded","section":"Shading Mode"},"sceneLighting":true,"audioPlay":false,"sceneViewState":{"showFog":true,"showMaterialUpdate":false,"showSkybox":true,"showFlares":true,"showImageEffects":true,"showParticleSystems":true},"in2DMode":false,"pivot":{"x":-0.04341944679617882,"y":0.4417338967323303,"z":2.8286051750183107},"rotation":{"x":-0.019500140100717546,"y":0.005997536238282919,"z":-0.00011572043877094984,"w":-0.9997918605804443},"size":2.4084134101867677,"orthographic":false}